,Month,Name,Duration,Decimal,Type,Total
0,2018-02-01,UI10,90:54:15,90.9,Hourly,2272.6
1,2018-02-01,,26:18:14,26.3,Hourly,604.99
2,2018-02-01,UI13,164:45:35,164.76,Monthly,3700.0
3,2018-02-01,UI14,59:00:30,59.01,Hourly,3180.17
4,2018-02-01,UI15,72:30:00,72.5,Hourly,1450.0
5,2018-02-01,UI18,10:13:56,10.23,Hourly,255.81
6,2018-02-01,UI21,53:34:00,53.57,Hourly,3150.77
7,2018-02-01,UI24,117:48:40,117.81,Hourly,2356.22
8,2018-02-01,UI26,66:15:55,66.27,Hourly,1192.78
9,2018-02-01,UI27,69:17:15,69.29,Hourly,1385.75
10,2018-02-01,UI28,35:06:00,35.1,Hourly,631.8
11,2018-02-01,,7:25:00,7.42,Hourly,377.3
12,2018-02-01,UI30,114:38:59,114.65,Hourly,7998.82
13,2018-02-01,UI31,13:26:28,13.44,Hourly,268.82
14,2018-02-01,UI32,145:22:22,145.37,Hourly,8966.69
15,2018-02-01,UI34,15:51:29,15.86,Hourly,396.45
16,2018-02-01,UI36,123:32:06,123.54,Hourly,3397.21
17,2018-02-01,UI38,110:29:58,110.5,Hourly,3038.73
18,2018-02-01,UI39,61:54:04,61.9,Hourly,1547.53
19,2018-02-01,UI41,2:13:30,2.23,Hourly,60.08
20,2018-02-01,UI45,105:39:41,105.66,Hourly,4607.33
21,2018-02-01,UI47,64:03:20,64.06,Hourly,2606.91
22,2018-03-01,,78:14:13,78.24,Hourly,5867.77
23,2018-03-01,UI10,106:18:46,106.31,Hourly,2657.82
24,2018-03-01,,33:04:26,33.07,Hourly,760.7
25,2018-03-01,UI13,127:34:28,127.57,Monthly,4200.0
26,2018-03-01,UI14,184:19:34,184.33,Monthly,4000.0
27,2018-03-01,UI15,87:49:00,87.82,Hourly,1756.33
28,2018-03-01,UI18,26:07:55,26.13,Hourly,653.3
29,2018-03-01,UI21,82:16:04,82.27,Hourly,4747.34
30,2018-03-01,UI24,126:38:11,126.64,Hourly,2532.73
31,2018-03-01,UI26,89:38:45,89.65,Hourly,1613.63
32,2018-03-01,UI27,63:46:36,63.78,Hourly,1275.53
33,2018-03-01,UI28,36:59:00,36.98,Hourly,665.7
34,2018-03-01,UI29,125:20:00,125.33,Hourly,2256.0
35,2018-03-01,UI30,111:52:14,111.87,Hourly,7605.93
36,2018-03-01,UI31,25:41:33,25.69,Hourly,513.85
37,2018-03-01,UI32,132:02:12,132.04,Hourly,8016.22
38,2018-03-01,UI34,15:50:13,15.84,Hourly,395.92
39,2018-03-01,UI36,116:34:14,116.57,Hourly,3205.69
40,2018-03-01,UI38,97:39:51,97.66,Hourly,2685.76
41,2018-03-01,UI39,28:57:41,28.96,Hourly,724.03
42,2018-03-01,UI41,1:23:00,1.38,Hourly,37.35
43,2018-03-01,UI45,77:50:25,77.84,Hourly,3307.66
44,2018-03-01,UI47,60:56:42,60.95,Hourly,2417.08
45,2018-04-01,UI08,18:15:42,18.26,Hourly,365.23
46,2018-04-01,UI09,10:57:00,10.95,Hourly,251.85
47,2018-04-01,UI10,57:36:39,57.61,Hourly,1440.27
48,2018-04-01,,16:30:30,16.51,Hourly,379.69
49,2018-04-01,UI12,18:00:00,18.0,Hourly,414.0
50,2018-04-01,UI13,268:12:05,268.2,Monthly,4309.0
51,2018-04-01,UI14,185:58:43,185.98,Monthly,4000.0
52,2018-04-01,UI15,169:02:00,169.03,Monthly,4200.0
53,2018-04-01,UI18,18:42:57,18.72,Hourly,467.9
54,2018-04-01,UI21,81:59:00,81.98,Hourly,4610.89
55,2018-04-01,UI24,122:13:47,122.23,Hourly,2744.59
56,2018-04-01,UI25,34:38:06,34.64,Hourly,692.7
57,2018-04-01,UI26,77:20:08,77.34,Hourly,1392.04
58,2018-04-01,UI27,89:41:14,89.69,Hourly,1793.74
59,2018-04-01,UI28,66:07:00,66.12,Hourly,1190.1
60,2018-04-01,UI29,239:50:00,239.83,Hourly,4317.0
61,2018-04-01,UI30,85:05:10,85.09,Hourly,5720.07
62,2018-04-01,UI31,69:50:00,69.83,Hourly,1396.67
63,2018-04-01,UI32,187:18:33,187.31,Hourly,11032.59
64,2018-04-01,UI34,15:08:00,15.13,Hourly,378.33
65,2018-04-01,UI36,87:16:07,87.27,Hourly,2399.89
66,2018-04-01,UI38,37:37:49,37.63,Hourly,1034.83
67,2018-04-01,UI39,13:06:26,13.11,Hourly,327.68
68,2018-04-01,UI41,59:51:14,59.85,Hourly,1795.62
69,2018-04-01,UI42,9:19:17,9.32,Hourly,205.07
70,2018-04-01,UI45,145:23:30,145.39,Hourly,6108.89
71,2018-04-01,UI47,77:06:46,77.11,Hourly,3024.03
72,2018-05-01,UI08,71:04:03,71.07,Hourly,1421.35
73,2018-05-01,UI09,49:15:00,49.25,Hourly,1132.75
74,2018-05-01,UI10,80:57:07,80.95,Hourly,2023.8
75,2018-05-01,UI12,63:00:00,63.0,Hourly,1449.0
76,2018-05-01,UI13,212:41:20,212.69,Monthly,4200.0
77,2018-05-01,UI14,176:05:20,176.09,Monthly,4000.0
78,2018-05-01,UI15,169:10:00,169.17,Monthly,4200.0
79,2018-05-01,UI18,22:12:51,22.21,Hourly,555.35
80,2018-05-01,UI21,60:10:00,60.17,Hourly,3383.71
81,2018-05-01,UI24,117:25:19,117.42,Hourly,2348.44
82,2018-05-01,UI25,54:51:42,54.86,Hourly,1097.23
83,2018-05-01,UI26,86:38:11,86.64,Hourly,1559.46
84,2018-05-01,UI27,126:02:32,126.04,Monthly,2810.11
85,2018-05-01,UI28,63:18:00,63.3,Hourly,1139.4
86,2018-05-01,UI29,259:30:00,259.5,Hourly,4671.0
87,2018-05-01,UI30,90:11:00,90.18,Hourly,6056.35
88,2018-05-01,UI31,70:35:04,70.58,Hourly,1411.69
89,2018-05-01,UI32,179:57:05,179.95,Hourly,10631.72
90,2018-05-01,UI34,29:56:00,29.93,Hourly,748.33
91,2018-05-01,UI36,87:31:41,87.53,Hourly,2407.02
92,2018-05-01,UI39,32:46:50,32.78,Hourly,819.51
93,2018-05-01,UI41,111:01:15,111.02,Hourly,3330.63
94,2018-05-01,UI42,61:48:22,61.81,Hourly,1359.73
95,2018-05-01,UI45,90:00:06,90.0,Hourly,3777.59
96,2018-05-01,UI47,85:49:03,85.82,Hourly,3361.84
97,2018-06-01,UI08,85:20:19,85.34,Hourly,1706.77
98,2018-06-01,UI09,26:00:00,26.0,Hourly,598.0
99,2018-06-01,UI10,102:22:35,102.38,Hourly,2559.41
100,2018-06-01,UI12,47:00:00,47.0,Hourly,1081.0
101,2018-06-01,UI13,152:51:08,152.85,Monthly,4200.0
102,2018-06-01,UI14,142:47:04,142.78,Monthly,4000.0
103,2018-06-01,UI15,87:40:00,87.67,Monthly,4200.0
104,2018-06-01,UI16,6:07:14,6.12,Hourly,122.41
105,2018-06-01,UI18,102:16:55,102.28,Hourly,2857.05
106,2018-06-01,UI20,32:03:00,32.05,Hourly,641.0
107,2018-06-01,UI21,102:20:00,102.33,Hourly,5685.3
108,2018-06-01,UI24,135:43:09,135.72,Hourly,2714.38
109,2018-06-01,UI25,25:18:18,25.31,Hourly,506.1
110,2018-06-01,UI26,74:14:06,74.24,Hourly,1336.23
111,2018-06-01,UI27,173:30:40,173.51,Monthly,4000.0
112,2018-06-01,UI28,18:04:00,18.07,Hourly,325.2
113,2018-06-01,UI29,195:00:00,195.0,Hourly,3510.0
114,2018-06-01,UI30,131:55:27,131.92,Hourly,8722.26
115,2018-06-01,UI31,44:01:27,44.02,Hourly,880.48
116,2018-06-01,UI32,151:47:11,151.79,Hourly,8833.47
117,2018-06-01,UI34,17:14:00,17.23,Hourly,430.83
118,2018-06-01,UI36,65:33:36,65.56,Hourly,1802.9
119,2018-06-01,UI39,38:06:20,38.11,Hourly,952.64
120,2018-06-01,UI41,116:08:03,116.13,Hourly,3484.03
121,2018-06-01,UI42,102:08:25,102.14,Hourly,2247.09
122,2018-06-01,UI45,90:25:44,90.43,Hourly,3736.73
123,2018-06-01,UI47,76:27:25,76.46,Hourly,2948.75
124,2018-07-01,UI05,24:00:00,24.0,Hourly,480.0
125,2018-07-01,UI07,97:52:39,97.88,Hourly,2446.94
126,2018-07-01,UI08,48:51:21,48.86,Hourly,977.12
127,2018-07-01,UI10,42:28:13,42.47,Hourly,1061.76
128,2018-07-01,UI13,190:10:43,190.18,Monthly,5326.37
129,2018-07-01,UI14,186:22:20,186.37,Monthly,4000.0
130,2018-07-01,UI15,175:30:00,175.5,Monthly,4200.0
131,2018-07-01,UI18,64:23:11,64.39,Hourly,1609.66
132,2018-07-01,UI20,125:25:00,125.42,Hourly,2508.33
133,2018-07-01,UI21,134:15:00,134.25,Hourly,8169.45
134,2018-07-01,UI24,162:03:41,162.06,Hourly,3241.23
135,2018-07-01,UI26,98:38:01,98.63,Hourly,1775.41
136,2018-07-01,UI27,183:17:10,183.29,Monthly,4000.0
137,2018-07-01,UI29,196:00:00,196.0,Hourly,3528.0
138,2018-07-01,UI30,146:02:26,146.04,Hourly,9421.97
139,2018-07-01,UI31,41:06:17,41.1,Hourly,822.09
140,2018-07-01,UI32,143:11:53,143.2,Hourly,10116.12
141,2018-07-01,UI36,95:49:58,95.83,Hourly,2635.4
142,2018-07-01,UI39,16:44:51,16.75,Hourly,418.69
143,2018-07-01,UI41,104:20:14,104.34,Hourly,4030.12
144,2018-07-01,UI42,100:01:03,100.02,Hourly,2200.39
145,2018-07-01,UI44,6:11:14,6.19,Hourly,154.68
146,2018-07-01,UI45,127:35:19,127.59,Hourly,6602.62
147,2018-07-01,UI47,41:34:19,41.57,Hourly,1564.54
148,2018-07-01,UI19,56:00:00,56.0,Hourly,1344.0
149,2018-08-01,UI05,84:00:00,84.0,Hourly,1680.0
150,2018-08-01,UI07,98:37:46,98.63,Hourly,2465.74
151,2018-08-01,UI08,80:03:16,80.05,Hourly,1601.09
152,2018-08-01,UI10,55:50:28,55.84,Hourly,1396.03
153,2018-08-01,UI13,195:57:50,195.96,Monthly,4200.0
154,2018-08-01,UI14,179:05:37,179.09,Monthly,4000.0
155,2018-08-01,UI15,180:30:00,180.5,Monthly,4320.0
156,2018-08-01,UI16,100:12:43,100.21,Hourly,2033.57
157,2018-08-01,,3:03:00,3.05,Hourly,119.37
158,2018-08-01,UI18,90:01:09,90.02,Hourly,2250.48
159,2018-08-01,UI20,91:01:00,91.02,Hourly,1820.33
160,2018-08-01,UI21,108:20:00,108.33,Hourly,6710.35
161,2018-08-01,UI24,156:01:15,156.02,Hourly,3120.42
162,2018-08-01,UI26,81:05:55,81.1,Hourly,1459.78
163,2018-08-01,UI27,152:25:10,152.42,Monthly,4000.0
164,2018-08-01,UI29,201:50:00,201.83,Hourly,3633.0
165,2018-08-01,UI30,82:16:05,82.27,Hourly,5576.37
166,2018-08-01,UI31,48:06:36,48.11,Hourly,962.2
167,2018-08-01,UI32,184:50:36,184.84,Hourly,10948.6
168,2018-08-01,UI35,45:47:50,45.8,Hourly,1602.9
169,2018-08-01,UI36,91:39:15,91.65,Hourly,2520.49
170,2018-08-01,UI41,97:18:05,97.3,Hourly,2919.04
171,2018-08-01,UI42,61:50:45,61.85,Hourly,1360.61
172,2018-08-01,,9:37:26,9.62,Hourly,537.65
173,2018-08-01,UI44,126:19:43,126.33,Hourly,3158.22
174,2018-08-01,UI45,149:19:14,149.32,Hourly,6256.45
175,2018-09-01,UI05,101:00:00,101.0,Hourly,2020.0
176,2018-09-01,UI07,193:07:27,193.12,Monthly,6807.9
177,2018-09-01,UI08,49:52:10,49.87,Hourly,997.39
178,2018-09-01,UI10,40:14:14,40.24,Hourly,1005.93
179,2018-09-01,UI13,235:56:28,235.94,Monthly,4803.0
180,2018-09-01,UI14,179:54:01,179.9,Monthly,4000.0
181,2018-09-01,UI15,171:30:00,171.5,Monthly,4200.0
182,2018-09-01,UI16,160:00:00,160.0,Monthly,3800.0
183,2018-09-01,UI17,35:38:16,35.64,Hourly,784.03
184,2018-09-01,UI20,82:39:00,82.65,Hourly,1653.0
185,2018-09-01,UI21,51:10:00,51.17,Hourly,3127.18
186,2018-09-01,UI24,149:35:13,149.59,Hourly,3021.74
187,2018-09-01,UI26,79:15:20,79.26,Hourly,1426.6
188,2018-09-01,UI27,158:43:24,158.72,Monthly,4000.0
189,2018-09-01,UI29,169:23:19,169.39,Hourly,3049.0
190,2018-09-01,UI30,88:37:49,88.63,Hourly,5927.93
191,2018-09-01,UI31,31:15:51,31.26,Hourly,625.28
192,2018-09-01,UI32,107:34:55,107.58,Hourly,7665.24
193,2018-09-01,UI35,131:53:21,131.89,Hourly,4616.12
194,2018-09-01,UI36,56:25:57,56.43,Hourly,1551.89
195,2018-09-01,UI41,3:32:00,3.53,Hourly,106.0
196,2018-09-01,UI42,78:25:14,78.42,Hourly,1725.25
197,2018-09-01,UI44,42:40:13,42.67,Hourly,1066.76
198,2018-09-01,UI45,118:20:12,118.34,Hourly,5971.59
199,2018-10-01,UI05,106:00:00,106.0,Hourly,2120.0
200,2018-10-01,UI07,221:39:36,221.66,Monthly,6736.09
201,2018-10-01,UI08,44:36:52,44.61,Hourly,892.29
202,2018-10-01,UI10,41:37:30,41.63,Hourly,1040.63
203,2018-10-01,UI13,231:10:04,231.17,Monthly,5579.48
204,2018-10-01,UI14,179:18:01,179.3,Monthly,4000.0
205,2018-10-01,UI15,160:00:00,160.0,Monthly,4200.0
206,2018-10-01,UI16,145:00:00,145.0,Monthly,3800.0
207,2018-10-01,UI17,13:06:59,13.12,Hourly,288.56
208,2018-10-01,UI20,110:25:00,110.42,Hourly,2208.33
209,2018-10-01,UI21,114:05:00,114.08,Hourly,6897.5
210,2018-10-01,UI24,153:09:22,153.16,Hourly,3213.12
211,2018-10-01,UI26,87:34:45,87.58,Hourly,1576.43
212,2018-10-01,UI27,205:46:17,205.77,Monthly,4032.21
213,2018-10-01,UI29,184:21:55,184.37,Hourly,3318.58
214,2018-10-01,UI30,112:29:18,112.49,Hourly,7424.88
215,2018-10-01,UI31,47:08:15,47.14,Hourly,942.75
216,2018-10-01,UI32,201:45:17,201.75,Hourly,12918.05
217,2018-10-01,UI35,125:27:06,125.45,Hourly,4390.81
218,2018-10-01,UI36,90:22:55,90.38,Hourly,2485.5
219,2018-10-01,UI45,158:32:25,158.54,Hourly,7427.03
220,2018-11-01,UI05,97:00:00,97.0,Hourly,2040.0
221,2018-11-01,UI06,9:00:00,9.0,Hourly,234.0
222,2018-11-01,UI07,132:58:59,132.98,Monthly,6920.66
223,2018-11-01,UI08,74:41:22,74.69,Hourly,1493.79
224,2018-11-01,UI10,39:41:27,39.69,Hourly,1092.27
225,2018-11-01,UI13,185:14:28,185.24,Monthly,5200.0
226,2018-11-01,UI14,171:10:43,171.18,Monthly,4150.0
227,2018-11-01,UI15,162:16:52,162.28,Monthly,6600.0
228,2018-11-01,UI16,110:00:00,110.0,Monthly,3950.0
229,2018-11-01,UI17,8:11:06,8.19,Hourly,180.07
230,2018-11-01,UI20,152:23:00,152.38,Monthly,4350.0
231,2018-11-01,UI21,117:15:00,117.25,Hourly,6902.97
232,2018-11-01,UI24,79:31:00,79.52,Hourly,1789.33
233,2018-11-01,UI26,90:50:04,90.83,Hourly,1735.02
234,2018-11-01,UI27,162:18:04,162.3,Monthly,5000.0
235,2018-11-01,UI29,175:55:53,175.93,Hourly,3316.77
236,2018-11-01,UI30,79:25:01,79.42,Hourly,5101.11
237,2018-11-01,UI31,17:28:53,17.48,Hourly,399.63
238,2018-11-01,UI32,207:46:20,207.77,Hourly,11647.82
239,2018-11-01,UI35,146:22:38,146.38,Hourly,5223.2
240,2018-11-01,UI36,144:01:20,144.02,Hourly,4110.61
241,2018-11-01,UI45,126:07:27,126.12,Hourly,6424.87
242,2018-12-01,UI05,24:00:00,24.0,Hourly,480.0
243,2018-12-01,UI06,52:00:24,52.01,Hourly,1352.0
244,2018-12-01,UI08,52:03:05,52.05,Hourly,1554.0
245,2018-12-01,UI10,42:16:25,42.27,Hourly,1056.84
246,2018-12-01,UI13,154:32:52,154.55,Monthly,4200.0
247,2018-12-01,UI14,146:47:40,146.79,Monthly,4000.0
248,2018-12-01,UI15,151:31:12,151.52,Monthly,4200.0
249,2018-12-01,UI16,153:00:00,153.0,Monthly,3800.0
250,2018-12-01,UI17,0:42:50,0.71,Hourly,0.0
251,2018-12-01,UI20,118:16:00,118.27,Monthly,4000.0
252,2018-12-01,UI21,84:30:00,84.5,Hourly,5074.11
253,2018-12-01,UI24,96:27:00,96.45,Hourly,1929.0
254,2018-12-01,UI26,67:01:34,67.03,Hourly,1206.47
255,2018-12-01,UI27,115:32:06,115.54,Monthly,4000.0
256,2018-12-01,UI29,170:11:28,170.19,Hourly,3063.44
257,2018-12-01,UI31,52:46:39,52.78,Hourly,1055.55
258,2018-12-01,UI32,182:24:00,182.4,Hourly,10428.53
259,2018-12-01,UI35,128:21:48,128.36,Hourly,4492.72
260,2018-12-01,UI36,154:26:37,154.44,Hourly,4247.2
261,2018-12-01,UI45,96:11:01,96.18,Hourly,4924.31
262,2019-01-01,UI05,27:51:02,27.85,Hourly,557.01
263,2019-01-01,UI06,35:59:50,36.0,Hourly,936.0
264,2019-01-01,UI08,36:06:53,36.11,Hourly,975.1
265,2019-01-01,UI10,44:56:07,44.94,Hourly,1123.38
266,2019-01-01,UI11,10:12:42,10.21,Hourly,0.0
267,2019-01-01,,2:59:37,2.99,Hourly,0.0
268,2019-01-01,UI13,81:37:46,81.63,Monthly,4200.0
269,2019-01-01,UI14,132:18:45,132.31,Monthly,4000.0
270,2019-01-01,UI15,160:12:32,160.21,Monthly,4200.0
271,2019-01-01,UI16,102:57:22,102.96,Monthly,3800.0
272,2019-01-01,UI20,113:42:00,113.7,Monthly,4000.0
273,2019-01-01,UI21,3:00:00,3.0,Hourly,182.88
274,2019-01-01,UI23,88:58:54,88.98,Hourly,2046.58
275,2019-01-01,UI24,152:14:32,152.24,Hourly,3044.84
276,2019-01-01,UI26,93:03:10,93.05,Hourly,1861.06
277,2019-01-01,UI27,161:25:14,161.42,Monthly,4000.0
278,2019-01-01,UI29,184:03:48,184.06,Hourly,3313.14
279,2019-01-01,UI31,63:44:35,63.74,Hourly,1274.86
280,2019-01-01,UI32,207:50:55,207.85,Hourly,13205.58
281,2019-01-01,,38:20:59,38.35,Hourly,843.69
282,2019-01-01,UI35,124:37:29,124.62,Hourly,4361.87
283,2019-01-01,UI36,145:11:33,145.19,Hourly,4821.49
284,2019-01-01,UI45,127:01:02,127.02,Hourly,6686.97
285,2019-01-01,UI46,13:30:19,13.51,Hourly,189.07
286,2019-02-01,UI01,165:48:36,165.81,Monthly,9088.0
287,2019-02-01,UI02,155:22:35,155.38,Monthly,4400.0
288,2019-02-01,UI05,8:27:44,8.46,Hourly,169.24
289,2019-02-01,UI06,91:00:38,91.01,Hourly,2366.0
290,2019-02-01,UI08,60:31:01,60.52,Hourly,1633.93
291,2019-02-01,UI10,24:05:34,24.09,Hourly,602.32
292,2019-02-01,UI11,72:08:10,72.14,Hourly,2058.69
293,2019-02-01,,79:03:37,79.06,Hourly,2183.0
294,2019-02-01,UI13,187:48:36,187.81,Monthly,4200.0
295,2019-02-01,UI14,150:15:58,150.27,Monthly,4000.0
296,2019-02-01,UI15,180:07:33,180.13,Monthly,4200.0
297,2019-02-01,UI16,173:52:12,173.87,Monthly,3800.0
298,2019-02-01,UI20,150:14:27,150.24,Monthly,4000.0
299,2019-02-01,UI23,179:42:22,179.71,Hourly,4133.24
300,2019-02-01,UI24,127:02:38,127.04,Hourly,2540.88
301,2019-02-01,UI26,119:21:10,119.35,Hourly,2387.06
302,2019-02-01,UI27,145:24:08,145.4,Monthly,4000.0
303,2019-02-01,UI29,158:21:27,158.36,Hourly,2850.44
304,2019-02-01,UI31,91:34:50,91.58,Hourly,1831.61
305,2019-02-01,UI32,189:06:15,189.1,Hourly,12034.03
306,2019-02-01,UI33,102:36:35,102.61,Hourly,5660.88
307,2019-02-01,UI35,148:20:31,148.34,Hourly,5191.97
308,2019-02-01,UI36,134:44:47,134.75,Hourly,4042.39
309,2019-02-01,UI37,153:08:09,153.14,Monthly,4400.0
310,2019-02-01,UI41,17:19:23,17.32,Hourly,0.0
311,2019-02-01,UI45,141:56:32,141.94,Hourly,7439.28
312,2019-02-01,UI46,47:10:38,47.18,Hourly,660.48
313,2019-03-01,,5:29:28,5.49,Hourly,126.3
314,2019-03-01,UI01,173:13:52,173.23,Monthly,9088.0
315,2019-03-01,UI06,122:00:01,122.0,Hourly,3172.0
316,2019-03-01,UI08,57:47:22,57.79,Hourly,1560.15
317,2019-03-01,UI10,30:40:43,30.68,Hourly,766.97
318,2019-03-01,UI11,90:00:15,90.0,Hourly,2250.1
319,2019-03-01,UI13,70:24:08,70.4,Monthly,4500.0
320,2019-03-01,UI14,146:46:33,146.78,Monthly,4000.0
321,2019-03-01,UI15,150:33:21,150.56,Monthly,4500.0
322,2019-03-01,UI16,130:43:51,130.73,Monthly,3800.0
323,2019-03-01,UI17,15:07:17,15.12,Hourly,348.38
324,2019-03-01,UI20,151:04:51,151.08,Monthly,4000.0
325,2019-03-01,UI22,44:37:41,44.63,Hourly,1338.84
326,2019-03-01,UI23,156:46:04,156.77,Hourly,3605.66
327,2019-03-01,UI24,145:19:00,145.32,Hourly,2906.33
328,2019-03-01,UI26,83:16:30,83.28,Hourly,1665.5
329,2019-03-01,UI27,129:34:28,129.57,Monthly,4000.0
330,2019-03-01,UI29,171:04:51,171.08,Hourly,3079.46
331,2019-03-01,UI31,68:16:09,68.27,Hourly,1365.38
332,2019-03-01,UI32,184:57:45,184.96,Hourly,11989.75
333,2019-03-01,UI33,111:45:57,111.77,Hourly,6147.12
334,2019-03-01,UI35,164:34:39,164.58,Hourly,5760.21
335,2019-03-01,UI36,147:58:52,147.98,Hourly,4439.43
336,2019-03-01,UI37,144:13:52,144.23,Monthly,4400.0
337,2019-03-01,UI41,13:15:54,13.27,Hourly,917.64
338,2019-03-01,UI45,143:35:59,143.6,Hourly,7620.28
339,2019-03-01,UI46,30:15:45,30.26,Hourly,423.68
340,2019-04-01,UI01,196:44:54,196.75,Monthly,8815.2
341,2019-04-01,UI03,1:15:00,1.25,Hourly,0.0
342,2019-04-01,UI06,118:00:05,118.0,Hourly,3068.04
343,2019-04-01,UI08,45:58:38,45.98,Hourly,1241.39
344,2019-04-01,UI10,6:19:37,6.33,Hourly,158.17
345,2019-04-01,UI11,86:41:59,86.7,Hourly,2167.49
346,2019-04-01,UI14,188:21:00,188.35,Monthly,4000.0
347,2019-04-01,UI15,188:14:03,188.23,Monthly,4200.0
348,2019-04-01,UI16,147:04:42,147.08,Monthly,3800.0
349,2019-04-01,UI20,143:29:35,143.49,Monthly,4000.0
350,2019-04-01,UI22,79:50:20,79.84,Hourly,2395.17
351,2019-04-01,UI24,164:23:00,164.38,Hourly,3287.67
352,2019-04-01,UI23,190:14:58,190.25,Hourly,4375.74
353,2019-04-01,UI26,109:12:01,109.2,Hourly,2184.01
354,2019-04-01,UI27,149:38:09,149.64,Monthly,4000.0
355,2019-04-01,UI29,176:41:48,176.7,Hourly,3180.54
356,2019-04-01,UI31,75:52:05,75.87,Hourly,1517.36
357,2019-04-01,UI32,186:21:58,186.37,Hourly,11988.21
358,2019-04-01,UI35,152:36:20,152.61,Hourly,5337.5
359,2019-04-01,UI33,108:03:57,108.07,Hourly,6007.75
360,2019-04-01,UI36,120:28:38,120.48,Hourly,3614.32
361,2019-04-01,UI40,89:54:43,89.91,Hourly,2427.62
362,2019-04-01,UI41,10:52:29,10.87,Hourly,326.24
363,2019-04-01,UI43,112:33:35,112.56,Hourly,2584.05
364,2019-04-01,UI45,160:44:55,160.75,Hourly,8489.73
365,2019-04-01,UI46,6:39:16,6.65,Hourly,93.16
366,2019-04-01,UI37,2:09:05,2.15,Monthly,0.0
367,2019-05-01,UI01,196:26:20,196.44,Monthly,8815.2
368,2019-05-01,UI03,19:04:22,19.07,Hourly,0.0
369,2019-05-01,UI06,179:30:08,179.5,Hourly,4667.0
370,2019-05-01,UI08,23:54:43,23.91,Hourly,645.57
371,2019-05-01,UI10,15:56:30,15.94,Hourly,398.54
372,2019-05-01,UI11,75:36:08,75.6,Hourly,1890.06
373,2019-05-01,UI14,176:33:02,176.55,Monthly,4000.0
374,2019-05-01,UI15,162:01:19,162.02,Monthly,4200.0
375,2019-05-01,UI16,149:58:09,149.97,Monthly,3800.0
376,2019-05-01,UI20,107:22:25,107.37,Monthly,4000.0
377,2019-05-01,UI22,73:15:43,73.26,Hourly,2197.86
378,2019-05-01,UI24,60:41:00,60.68,Hourly,1213.67
379,2019-05-01,UI23,164:09:03,164.15,Hourly,4267.92
380,2019-05-01,UI26,94:51:38,94.86,Hourly,1897.21
381,2019-05-01,UI27,154:54:51,154.91,Monthly,4000.0
382,2019-05-01,UI29,183:46:09,183.77,Hourly,3675.38
383,2019-05-01,UI31,66:12:27,66.21,Hourly,1324.15
384,2019-05-01,UI32,175:26:02,175.44,Hourly,11248.08
385,2019-05-01,UI33,116:15:37,116.26,Hourly,6440.07
386,2019-05-01,UI35,115:30:03,115.5,Hourly,4042.5
387,2019-05-01,UI36,60:45:24,60.76,Hourly,1822.7
388,2019-05-01,UI40,31:42:41,31.71,Hourly,856.21
389,2019-05-01,,13:20:14,13.34,Hourly,333.43
390,2019-05-01,UI43,128:09:15,128.15,Hourly,2947.55
391,2019-05-01,UI45,174:09:18,174.16,Hourly,9164.71
392,2019-06-01,UI01,170:18:14,170.3,Monthly,8815.2
393,2019-06-01,UI03,115:11:18,115.19,Hourly,6978.79
394,2019-06-01,UI06,142:01:26,142.02,Hourly,3692.0
395,2019-06-01,UI10,19:24:04,19.4,Hourly,485.03
396,2019-06-01,UI11,76:36:37,76.61,Hourly,1915.26
397,2019-06-01,UI14,136:43:44,136.73,Monthly,4000.0
398,2019-06-01,UI15,160:03:46,160.06,Monthly,4200.0
399,2019-06-01,UI16,98:43:45,98.73,Monthly,3800.0
400,2019-06-01,UI20,140:20:35,140.34,Monthly,4218.31
401,2019-06-01,UI22,65:44:43,65.75,Hourly,1972.36
402,2019-06-01,UI23,134:01:09,134.02,Hourly,3484.5
403,2019-06-01,UI24,11:37:00,11.62,Hourly,232.33
404,2019-06-01,UI26,105:49:03,105.82,Hourly,2116.35
405,2019-06-01,UI27,121:24:04,121.4,Monthly,4000.0
406,2019-06-01,UI29,150:29:44,150.5,Hourly,3010.0
407,2019-06-01,UI31,29:51:24,29.86,Hourly,597.13
408,2019-06-01,UI32,188:04:01,175.44,Hourly,11389.25
409,2019-06-01,UI33,94:16:01,94.27,Hourly,5276.08
410,2019-06-01,UI35,155:06:50,155.11,Hourly,5428.5
411,2019-06-01,UI36,133:28:07,133.47,Hourly,4004.06
412,2019-06-01,UI40,7:52:18,7.87,Hourly,212.54
413,2019-06-01,,8:24:18,8.41,Hourly,210.13
414,2019-06-01,UI43,149:12:57,149.22,Hourly,3431.6
415,2019-06-01,UI45,126:07:10,126.12,Hourly,6705.91
416,2019-07-01,UI01,190:26:48,190.45,Monthly,8815.2
417,2019-07-01,UI03,102:12:53,102.21,Hourly,6174.3
418,2019-07-01,UI06,92:00:28,92.01,Hourly,2392.0
419,2019-07-01,UI10,16:29:04,16.48,Hourly,412.11
420,2019-07-01,UI11,35:02:21,35.04,Hourly,875.98
421,2019-07-01,UI14,183:29:34,183.49,Monthly,4000.0
422,2019-07-01,UI15,183:35:51,183.6,Monthly,4200.0
423,2019-07-01,UI16,46:56:45,46.95,Monthly,3800.0
424,2019-07-01,UI20,142:15:29,142.26,Monthly,4000.0
425,2019-07-01,UI22,67:59:48,68.0,Hourly,2039.9
426,2019-07-01,UI23,183:55:45,183.93,Hourly,4782.16
427,2019-07-01,UI24,17:15:00,17.25,Hourly,345.0
428,2019-07-01,UI26,144:54:08,144.9,Hourly,2898.04
429,2019-07-01,UI27,173:59:14,173.99,Monthly,4000.0
430,2019-07-01,UI29,119:48:30,119.81,Hourly,2390.0
431,2019-07-01,UI31,52:18:15,52.3,Hourly,1046.08
432,2019-07-01,UI32,139:45:43,139.76,Hourly,9875.49
433,2019-07-01,UI33,121:56:01,121.93,Hourly,6995.42
434,2019-07-01,UI35,144:06:08,144.1,Hourly,5043.5
435,2019-07-01,UI36,154:02:36,154.04,Hourly,4621.3
436,2019-07-01,UI43,191:56:50,191.95,Hourly,4413.7
437,2019-07-01,UI45,142:10:39,142.18,Hourly,7748.98
438,2019-08-01,UI01,77:34:52,77.58,Monthly,8815.2
439,2019-08-01,UI03,101:24:46,101.41,Hourly,6133.1
440,2019-08-01,UI06,90:00:08,90.0,Hourly,2340.0
441,2019-08-01,UI10,23:51:35,23.86,Hourly,596.49
442,2019-08-01,UI14,65:45:27,65.76,Monthly,4000.0
443,2019-08-01,UI15,155:30:00,155.5,Monthly,4200.0
444,2019-08-01,UI16,55:35:03,55.58,Monthly,3800.0
445,2019-08-01,UI20,105:41:09,105.69,Monthly,4000.0
446,2019-08-01,UI22,18:36:18,18.61,Hourly,558.15
447,2019-08-01,UI23,31:40:06,31.67,Hourly,823.38
448,2019-08-01,UI24,124:25:06,124.42,Hourly,2488.37
449,2019-08-01,UI26,2:29:14,2.49,Hourly,49.74
450,2019-08-01,UI27,69:41:00,69.68,Monthly,4000.0
451,2019-08-01,UI31,28:58:59,28.98,Hourly,579.66
452,2019-08-01,UI32,134:47:25,134.79,Hourly,8749.39
453,2019-08-01,UI33,38:18:08,38.3,Hourly,2174.71
454,2019-08-01,UI35,74:59:23,74.99,Hourly,2624.3
455,2019-08-01,UI36,57:23:20,57.39,Hourly,1721.67
456,2019-08-01,UI43,21:16:33,21.28,Hourly,372.6
457,2019-08-01,UI45,155:38:08,155.64,Hourly,8394.8
458,2019-09-01,UI01,176:32:44,176.55,Monthly,8815.2
459,2019-09-01,UI03,106:04:31,106.08,Hourly,6369.65
460,2019-09-01,UI04,98:20:19,98.34,Hourly,5202.09
461,2019-09-01,UI06,66:00:44,66.01,Hourly,1716.0
462,2019-09-01,UI10,13:36:41,13.61,Hourly,340.28
463,2019-09-01,UI14,142:25:30,142.43,Monthly,4000.0
464,2019-09-01,UI15,170:48:00,170.8,Monthly,4900.0
465,2019-09-01,UI16,175:50:56,175.85,Monthly,3800.0
466,2019-09-01,UI20,164:52:21,164.87,Monthly,4000.0
467,2019-09-01,UI23,7:55:30,7.93,Hourly,206.05
468,2019-09-01,UI24,68:58:00,68.97,Hourly,1379.33
469,2019-09-01,UI27,153:47:19,153.79,Monthly,4000.0
470,2019-09-01,UI32,165:29:53,165.5,Hourly,10647.74
471,2019-09-01,UI33,2:06:00,2.1,Hourly,120.1
472,2019-09-01,UI35,143:03:29,143.06,Hourly,5006.75
473,2019-09-01,UI36,45:51:06,45.85,Hourly,1375.55
474,2019-09-01,UI45,114:09:55,114.17,Hourly,6202.54
475,2019-10-01,UI01,195:10:40,195.18,Monthly,4700.0
476,2019-10-01,UI04,115:17:31,115.29,Hourly,6094.0
477,2019-10-01,UI06,20:11:51,20.2,Hourly,525.14
478,2019-10-01,UI10,16:16:15,16.27,Hourly,406.77
479,2019-10-01,UI15,139:53:41,139.89,Monthly,4500.0
480,2019-10-01,UI16,89:12:16,89.2,Monthly,3800.0
481,2019-10-01,UI20,111:45:23,111.76,Monthly,4000.0
482,2019-10-01,UI24,39:03:00,39.05,Hourly,781.0
483,2019-10-01,UI27,130:34:59,130.58,Monthly,4000.0
484,2019-10-01,UI32,77:39:19,77.66,Hourly,4992.13
485,2019-10-01,UI35,159:09:59,159.17,Hourly,5570.82
486,2019-10-01,UI36,63:40:13,63.67,Hourly,1910.11
487,2019-10-01,UI45,26:36:36,26.61,Hourly,1444.54
